{
  "experiment_name": "phase2_lr1e5",
  "model_path": "./models/phase2_lr1e5",
  "config": {
    "experiment_name": "phase2_lr1e5",
    "base_model": "BAAI/bge-base-en-v1.5",
    "epochs": 3,
    "batch_size": 32,
    "learning_rate": 1e-05,
    "loss_function": "MultipleNegativesRankingLoss",
    "use_augmentation": false,
    "use_validation": true,
    "use_data_splits": true,
    "warmup_steps": 100,
    "evaluation_steps": 500,
    "save_best_model": true,
    "output_path": "./models/phase2_lr1e5"
  },
  "domain_results": {
    "clapnq": {
      "Recall@5": 0.34896,
      "Recall@10": 0.45424,
      "nDCG@5": 0.27449,
      "nDCG@10": 0.32324
    },
    "fiqa": {
      "Recall@5": 0.25,
      "Recall@10": 0.28571,
      "nDCG@5": 0.23471,
      "nDCG@10": 0.25123
    },
    "govt": {
      "Recall@5": 0.23387,
      "Recall@10": 0.2957,
      "nDCG@5": 0.20665,
      "nDCG@10": 0.23418
    },
    "cloud": {
      "Recall@5": 0.24483,
      "Recall@10": 0.28793,
      "nDCG@5": 0.21903,
      "nDCG@10": 0.2333
    }
  },
  "averages": {
    "Recall@5": 0.26941499999999996,
    "Recall@10": 0.330895,
    "nDCG@5": 0.23371999999999998,
    "nDCG@10": 0.26048750000000004
  },
  "baseline_comparison": {
    "Recall@5": {
      "ours": 0.26941499999999996,
      "baseline": 0.3,
      "improvement": -0.03058500000000003
    },
    "Recall@10": {
      "ours": 0.330895,
      "baseline": 0.38,
      "improvement": -0.04910500000000001
    },
    "nDCG@5": {
      "ours": 0.23371999999999998,
      "baseline": 0.27,
      "improvement": -0.036280000000000034
    },
    "nDCG@10": {
      "ours": 0.26048750000000004,
      "baseline": 0.3,
      "improvement": -0.03951249999999995
    }
  }
}