{
  "experiment_name": "phase1_baseline",
  "model_path": "./models/phase1_baseline",
  "config": {
    "experiment_name": "phase1_baseline",
    "base_model": "BAAI/bge-base-en-v1.5",
    "epochs": 1,
    "batch_size": 16,
    "learning_rate": 2e-05,
    "loss_function": "MultipleNegativesRankingLoss",
    "use_augmentation": false,
    "use_validation": false,
    "use_data_splits": false,
    "warmup_steps": 100,
    "output_path": "./models/phase1_baseline"
  },
  "domain_results": {
    "clapnq": {
      "Recall@5": 0.2791,
      "Recall@10": 0.39726,
      "nDCG@5": 0.23935,
      "nDCG@10": 0.28896
    },
    "fiqa": {
      "Recall@5": 0.13861,
      "Recall@10": 0.19556,
      "nDCG@5": 0.12418,
      "nDCG@10": 0.14779
    },
    "govt": {
      "Recall@5": 0.27749,
      "Recall@10": 0.35423,
      "nDCG@5": 0.23555,
      "nDCG@10": 0.26815
    },
    "cloud": {
      "Recall@5": 0.20771,
      "Recall@10": 0.28349,
      "nDCG@5": 0.1853,
      "nDCG@10": 0.2164
    }
  },
  "averages": {
    "Recall@5": 0.22572750000000003,
    "Recall@10": 0.307635,
    "nDCG@5": 0.19609500000000002,
    "nDCG@10": 0.230325
  },
  "baseline_comparison": {
    "Recall@5": {
      "ours": 0.22572750000000003,
      "baseline": 0.3,
      "improvement": -0.07427249999999996
    },
    "Recall@10": {
      "ours": 0.307635,
      "baseline": 0.38,
      "improvement": -0.07236500000000001
    },
    "nDCG@5": {
      "ours": 0.19609500000000002,
      "baseline": 0.27,
      "improvement": -0.073905
    },
    "nDCG@10": {
      "ours": 0.230325,
      "baseline": 0.3,
      "improvement": -0.06967499999999999
    }
  }
}